{"train_batch_loss": 0.035519424825906754, "_runtime": 27084, "_timestamp": 1646100112, "_step": 12285, "train_epoch_loss": 0.0327773558636827, "val_psnr": 30.83681297302246}