{"train_batch_loss": 0.3829875886440277, "_runtime": 347, "_timestamp": 1646062501, "_step": 124, "train_epoch_loss": 0.3631163227461999, "_wandb": {"runtime": 403}}